"table_name","column_name","column_value"
F_RM_POSTPAID_BASE,LINE_TYPE,PS
F_RM_POSTPAID_BASE,ROOT_PROD_NAME,Data SIM Card
F_RM_POSTPAID_BASE,ROOT_PROD_NAME,Mobile-Postpaid-Aljawal
F_RM_POSTPAID_BASE,SCREEN_TYPE,LS
F_RM_POSTPAID_BASE,SCREEN_TYPE,SS
F_RM_POSTPAID_BASE,SUBS_PROD_STS_,"10"
F_RM_POSTPAID_BASE,SUBS_PROD_STS_,"1153628"
F_RM_POSTPAID_BASE,SUBS_PROD_STS_,"1153631"
F_RM_POSTPAID_BASE,SUBS_PROD_STS_,"1192371"
F_RM_POSTPAID_BASE,SUBS_PROD_STS_,"1192381"
F_RM_POSTPAID_BASE,SUBS_PROD_STS_,Active
F_RM_POSTPAID_BASE,SUBS_PROD_STS_,DELETED FROM SOURCE
F_RM_POSTPAID_BASE,SUBS_PROD_STS_,Inactive
F_RM_POSTPAID_BASE,SUBS_PROD_STS_,Incoming Barred
F_RM_POSTPAID_BASE,SUBS_PROD_STS_,Outgoing Barred
F_RM_POSTPAID_BASE,SUBS_PROD_STS_,Resume
F_RM_POSTPAID_BASE,SUBS_PROD_STS_,Service Blocked
F_RM_POSTPAID_BASE,SUBS_PROD_STS_,Suspended
F_RM_POSTPAID_BASE,SUBS_PROD_STS_,UNKNOWN
