"column_name","unique_value"
DATA_SOU,Balance Activation
DATA_SOU,EVD
DATA_SOU,EVD
DATA_SOU,Gift
DATA_SOU,IRB
DATA_SOU,MySTC
DATA_SOU,MySTC
DATA_SOU,OLP
DATA_SOU,Recharge
DATA_SOU,Renewal
DATA_SOU,SCRM
DATA_SOU,SDP
DATA_SOU,Sponsor
DATA_SOU,Voucher - Credit Card
DATA_SOU,Voucher - EVD
DATA_SOU,Voucher - Physical
OLD_PCKG,"1 GB for One Week for Prepaid _mystc"
OLD_PCKG,"1 GB Package for One Week"
OLD_PCKG,"120GB for 1 Month-Renewal"
OLD_PCKG,"120GB FOR 1 Month_MYSTC"
OLD_PCKG,"2 GB Package for One Month"
OLD_PCKG,"250GB for 3 Months-Renewal"
OLD_PCKG,"250GB FOR 3 Months_MYSTC"
OLD_PCKG,"300GB for 4 Months-Renewal"
OLD_PCKG,"350GB for 3 Months-Renewal"
OLD_PCKG,"350GB FOR 3 Months_MYSTC"
OLD_PCKG,"400GB for 4 Months-Renewal"
OLD_PCKG,"5 GB Package for One Month"
OLD_PCKG,"600GB for 6 Months-Renewal"
OLD_PCKG,"70GB for 1 Month-Renewal"
OLD_PCKG,"70GB FOR 1 Month_MYSTC"
OLD_PCKG,BANGLADESH_MONTHLY_OFFER
OLD_PCKG,DAILY_BANGLA
OLD_PCKG,DAILY_INDIA
OLD_PCKG,DAILY_PAK
OLD_PCKG,Daily_UL _on-net
OLD_PCKG,DAILY_YEMEN
OLD_PCKG,EGYPT_DAILY_OFFER
OLD_PCKG,EGYPT_DAILY_PLUS
OLD_PCKG,Egypt_Monthly_OFFER
OLD_PCKG,EGYPT_WEEKLY_OFFER
OLD_PCKG,EGYPT_WEEKLY_PLUS
OLD_PCKG,Flex Afghanistan 65
OLD_PCKG,Flex Afghanistan 80
OLD_PCKG,Flex Ethiopia 120
OLD_PCKG,Flex Ethiopia 80
OLD_PCKG,Flex Sri Lanka
OLD_PCKG,Flex Syria
OLD_PCKG,Flex_Ethiopia_120_Gift
OLD_PCKG,Flex_Ethiopia_80_Gift
OLD_PCKG,FLEX_PLUS_MYSTC
OLD_PCKG,Flex_Sri_Lanka_Gift
OLD_PCKG,Flex_Syria_Gift
OLD_PCKG,INDIA_MONTHLY_OFFER
OLD_PCKG,MAX for 1 Month-Renewal
OLD_PCKG,Max FOR 1 Month_MYSTC
OLD_PCKG,MAX for 3 Months-Renewal
OLD_PCKG,Max FOR 3 Months_MYSTC
OLD_PCKG,Mini Flex 3 days_MYSTC
OLD_PCKG,Mini Flex one day_MYSTC
OLD_PCKG,MONTHLY_YEMEN
OLD_PCKG,OneTime 1 Day Unlimited for In_mystc
OLD_PCKG,PAKISTAN_MONTHLY_OFFER
OLD_PCKG,Sawa 110
OLD_PCKG,Sawa 130
OLD_PCKG,sawa 150 digital_MYSTC
OLD_PCKG,SAWA 150 package_MYSTC
OLD_PCKG,SAWA 175 package_MYSTC
OLD_PCKG,Sawa 220
OLD_PCKG,Sawa 30
OLD_PCKG,Sawa 55
OLD_PCKG,Sawa Captain eSIM mystc
OLD_PCKG,Sawa Captain mystc
OLD_PCKG,SAWA flex 100-ESIM
OLD_PCKG,SAWA flex 150 eSIM
OLD_PCKG,Sawa Flex 150 esim_MYSTC
OLD_PCKG,Sawa Flex 150_MYSTC
OLD_PCKG,SAWA flex 240-ESIM
OLD_PCKG,SAWA flex 340
OLD_PCKG,SAWA flex 65-ESIM
OLD_PCKG,Sawa Flex Afghanistan 65 packa_MYSTC
OLD_PCKG,Sawa Flex Afghanistan 80 packa_MYSTC
OLD_PCKG,sawa Flex Ethiopia 120 package_MYSTC
OLD_PCKG,sawa Flex Ethiopia 80 package _MYSTC
OLD_PCKG,sawa like plus digital
OLD_PCKG,sawa post plus digital
OLD_PCKG,sawa share plus digital
OLD_PCKG,Sawa SMS
OLD_PCKG,sawa star plus digital
OLD_PCKG,SAWA Unlimited Data
OLD_PCKG,Sawa X5
OLD_PCKG,Sawa X7
OLD_PCKG,Sawa-off-net
OLD_PCKG,Sawa-off-net plus
OLD_PCKG,SawaFlex
OLD_PCKG,SAWA_110_NEW
OLD_PCKG,SAWA_110_NEW_SP
OLD_PCKG,SAWA_150
OLD_PCKG,SAWA_150_Gift
OLD_PCKG,SAWA_15_MYSTC
OLD_PCKG,SAWA_15_NEW
OLD_PCKG,SAWA_160_NEW
OLD_PCKG,SAWA_160_NEW_SP
OLD_PCKG,SAWA_175
OLD_PCKG,SAWA_175_Gift
OLD_PCKG,Sawa_190
OLD_PCKG,SAWA_220_NEW
OLD_PCKG,SAWA_220_NEW_SP
OLD_PCKG,SAWA_30_PLUS
OLD_PCKG,SAWA_30_PLUS_MYSTC
OLD_PCKG,SAWA_65_MYSTC
OLD_PCKG,SAWA_65_NEW
OLD_PCKG,SAWA_65_NEW_SP
OLD_PCKG,Sawa_basic_3_months_MYSTC
OLD_PCKG,sawa_basic_eSIM
OLD_PCKG,Sawa_basic_eSIM_MYSTC
OLD_PCKG,Sawa_basic_Sawa_Gift
OLD_PCKG,SAWA_Entry_Pack_30
OLD_PCKG,Sawa_Flex_100_Sawa_Gift
OLD_PCKG,SAWA_flex_150_eSIM_Gift
OLD_PCKG,Sawa_Flex_240_Sawa_Gift
OLD_PCKG,SAWA_flex_65-ESIM_Gift
OLD_PCKG,SAWA_FLEX_65_MYSTC
OLD_PCKG,Sawa_Flex_65_Sawa_Gifte
OLD_PCKG,Sawa_Flex_Basic_ESIM
OLD_PCKG,Sawa_flex_basic_MYSTC
OLD_PCKG,Sawa_Flex_Basic_Recurrent
OLD_PCKG,Sawa_Hero_eSIM_MYSTC
OLD_PCKG,SAWA_LIKE_PLUS
OLD_PCKG,Sawa_like_plus_3_months_MYSTC
OLD_PCKG,SAWA_LIKE_PLUS_DIGITAL_ESIM_MYSTC
OLD_PCKG,sawa_like_plus_digital_Gift
OLD_PCKG,SAWA_LIKE_PLUS_MYSTC
OLD_PCKG,Sawa_Like_Plus_Sawa_Gift
OLD_PCKG,Sawa_Like_Sawa_Gift
OLD_PCKG,SAWA_POST_MYSTC
OLD_PCKG,SAWA_POST_PLUS
OLD_PCKG,SAWA_POST_PLUS_DIGITAL_ESIM_MYSTC
OLD_PCKG,SAWA_POST_PLUS_MYSTC
OLD_PCKG,Sawa_Post_Plus_Sawa_Gift
OLD_PCKG,Sawa_Post_Sawa_Gift
OLD_PCKG,SAWA_SHARE_PLUS
OLD_PCKG,SAWA_SHARE_PLUS_DIGITAL_ESIM_MYSTC
OLD_PCKG,sawa_share_plus_digital_Gift
OLD_PCKG,SAWA_SHARE_PLUS_MYSTC
OLD_PCKG,Sawa_Share_Plus_Sawa_Gift
OLD_PCKG,Sawa_Share_Sawa_Gift
OLD_PCKG,SAWA_STAR_MYSTC
OLD_PCKG,SAWA_STAR_PLUS
OLD_PCKG,SAWA_STAR_PLUS_DIGITAL_ESIM_MYSTC
OLD_PCKG,sawa_star_plus_digital_Sawa_Gift
OLD_PCKG,SAWA_STAR_PLUS_MYSTC
OLD_PCKG,Sawa_Star_Plus_Sawa_Gift
OLD_PCKG,Sawa_Star_Sawa_Gift
OLD_PCKG,Sawa_weekly_25
OLD_PCKG,Sawa_weekly_25_MYSTC
OLD_PCKG,Special   Egypt  4 Weeks
OLD_PCKG,Special   Egypt  One Week
OLD_PCKG,Special   Egypt  One Week _mystc
OLD_PCKG,Special Egypt One Day
OLD_PCKG,SUDAN_1500_MONTHLY
OLD_PCKG,SUDAN_350_WEEKLY
OLD_PCKG,SUDAN_70_DAILY
OLD_PCKG,UL_data _1hr_5
OLD_PCKG,Unlimited 1 Week Internet for _mystc
OLD_PCKG,Unlimited Package for One Week
OLD_PCKG,Unlimited SMS Service for Sawa_mystc
OLD_PCKG,Visitor 100_MYSTC
OLD_PCKG,Visitor 165_MYSTC
OLD_PCKG,Visitor 35_MYSTC
OLD_PCKG,Visitor 60_MYSTC
OLD_PCKG,Visitor 73_MYSTC
OLD_PCKG,Visitor flex 130
OLD_PCKG,Visitor flex 130_MYSTC
OLD_PCKG,Visitor flex 60
OLD_PCKG,Visitor_104
OLD_PCKG,Visitor_35
OLD_PCKG,Visitor_73
OLD_PCKG,WEEKLY_BANGLA
OLD_PCKG,WEEKLY_INDIA
OLD_PCKG,WEEKLY_PAK
OLD_PCKG,WEEKLY_YEMEN
REV_CAPT,N
REV_CAPT,Y
SIM_TYPE,E-SIM
SIM_TYPE,NA
SIM_TYPE,Physical SIM
