"COLUMN_NAME","UNIQUE_VALUE"
VBS_EXCL_DEV,"1. VHV"
VBS_EXCL_DEV,"2. HV"
VBS_EXCL_DEV,"3. MHV"
VBS_EXCL_DEV,"4. MV"
VBS_EXCL_DEV,"5. LV"
VBS_EXCL_DEV,"6. VLV"
VBS_EXCL_DEV,"7. NEW"
VBS_EXCL_DEV,??????
VBS_INCL_DEV,"1. VHV"
VBS_INCL_DEV,"2. HV"
VBS_INCL_DEV,"3. MHV"
VBS_INCL_DEV,"4. MV"
VBS_INCL_DEV,"5. LV"
VBS_INCL_DEV,"6. VLV"
VBS_INCL_DEV,"7. NEW"
VBS_INCL_DEV,??????
VBS_REV_BRACKET_EXCL_DEV,"0-105"
VBS_REV_BRACKET_EXCL_DEV,"105-135"
VBS_REV_BRACKET_EXCL_DEV,"135-230"
VBS_REV_BRACKET_EXCL_DEV,"230-335"
VBS_REV_BRACKET_EXCL_DEV,"335-545"
VBS_REV_BRACKET_EXCL_DEV,"545+"
VBS_REV_BRACKET_EXCL_DEV,??????
VBS_REV_BRACKET_EXCL_DEV,NA
VBS_REV_BRACKET_INCL_DEV,"0-110"
VBS_REV_BRACKET_INCL_DEV,"110-145"
VBS_REV_BRACKET_INCL_DEV,"145-270"
VBS_REV_BRACKET_INCL_DEV,"270-410"
VBS_REV_BRACKET_INCL_DEV,"410-730"
VBS_REV_BRACKET_INCL_DEV,"730+"
VBS_REV_BRACKET_INCL_DEV,??????
VBS_REV_BRACKET_INCL_DEV,NA
